Genbank	Phylum
NC_020252	.
AAP74192	.
ACD91658	.
ACE88957	.
ADK12924	.
ADW82833	Pisuviricota
AEB96150	.
AEZ54148	.
AFZ85210	Pisuviricota
AIU98624	.
AND83002	.
ANE10465	.
ANE10467	.
AOG59236	Pisuviricota
APP91269	.
AQM32769	.
AWY10945	.
AXR76113	.
AXR76117	.
AZF86102	.
AZF86104	.
AZG06258	.
BAU20287	.
QDW81304	.
QDW81318	.
QDW81320	.
QIP68006	.
QIP68009	.
QKL20127	.
QMU26427	.
AAA46237	.
QBS55242	.
ACU32792	.
ADO40172	.
AFR34027	.
CAX33878	.
QGZ98417	.
AMT92139	.
AWY10943	.
YP_009141011	.
CAH03664	Duplornaviricota
YP_009507948	Duplornaviricota
YP_009665200	Duplornaviricota
YP_009667003	Duplornaviricota
AJD14830	Duplornaviricota
YP_009182332	Duplornaviricota
ADW08802	Duplornaviricota
YP_052858	Duplornaviricota
AYD75753	Duplornaviricota
2211445A	Duplornaviricota
QDB74975	Duplornaviricota
YP_003288763	Duplornaviricota
AOX47539	Duplornaviricota
BBB86809	Duplornaviricota
BAX04559	Duplornaviricota
AAB01579	Duplornaviricota
YP_009552725	Duplornaviricota
NP_043465	Duplornaviricota
NP_620728	Duplornaviricota
YP_009507833	Duplornaviricota
APR62628	Duplornaviricota
QIP68042	Duplornaviricota
QIP68046	Duplornaviricota
QIP68050	Duplornaviricota
QIP68061	Duplornaviricota
QIP68063	Duplornaviricota
QIP68065	Duplornaviricota
QIP68067	Duplornaviricota
QIP68070	Duplornaviricota
QIP68072	Duplornaviricota
QIP68074	Duplornaviricota
QIP68080	Duplornaviricota
ABC86751	Duplornaviricota
QGY72636	Duplornaviricota
AIC34744	Duplornaviricota
AMB17466	Duplornaviricota
AMB17467	Duplornaviricota
AMB17468	Duplornaviricota
AMB17469	Duplornaviricota
AMB17470	Duplornaviricota
AMB17475	Duplornaviricota
AOR51364	Duplornaviricota
AOX47549	Duplornaviricota
ATO91007	Duplornaviricota
ATO91013	Duplornaviricota
AUX13136	Duplornaviricota
AWA82248	Duplornaviricota
AXA52555	Duplornaviricota
AYD61657	Duplornaviricota
AZT88633	Duplornaviricota
AZT88635	Duplornaviricota
AZT88645	Duplornaviricota
AZT88647	Duplornaviricota
BAT62478	Duplornaviricota
BAT62492	Duplornaviricota
BBB86796	Duplornaviricota
BBZ90080	Duplornaviricota
BBZ90082	Duplornaviricota
CAJ34335	Duplornaviricota
NP_108651	Duplornaviricota
QBP37034	Duplornaviricota
QED42911	Duplornaviricota
QED42935	Duplornaviricota
QEM39133	Duplornaviricota
QEM39143	Duplornaviricota
QGX74228	Duplornaviricota
QGX74232	Duplornaviricota
QGX74234	Duplornaviricota
QGX74236	Duplornaviricota
QIJ25846	Duplornaviricota
QIJ70039	Duplornaviricota
QIJ70132	Duplornaviricota
QIP68023	Duplornaviricota
QIP68058	Duplornaviricota
QJA42331	Duplornaviricota
QJD26158	Duplornaviricota
QJD26160	Duplornaviricota
QJS39952	Duplornaviricota
QLJ83490	Duplornaviricota
QMU95572	Duplornaviricota
QMU95575	Duplornaviricota
YP_003541123	Duplornaviricota
YP_003934934	Duplornaviricota
YP_009179230	Duplornaviricota
YP_009182176	Duplornaviricota
YP_009182188	Duplornaviricota
YP_009229915	Duplornaviricota
YP_009230208	Duplornaviricota
YP_009256209	Duplornaviricota
YP_009552275	Duplornaviricota
YP_009552726	Duplornaviricota
YP_122352	Duplornaviricota
NP_047560	Duplornaviricota
NP_898833	Duplornaviricota
YP_009508251	Duplornaviricota
YP_007761589	Duplornaviricota
YP_009004156	Duplornaviricota
YP_009665165	Duplornaviricota
Q698V5	Duplornaviricota
YP_052942	Duplornaviricota
AIU36219	Duplornaviricota
ASU43982	Duplornaviricota
QIQ51253	Duplornaviricota
ADF59186	Duplornaviricota
ALJ83066	Duplornaviricota
ANN82197	Duplornaviricota
APQ41753	Duplornaviricota
APB61168	Duplornaviricota
APG79118	Duplornaviricota
AVP49983	Duplornaviricota
NP_694468	Duplornaviricota
NP_149135	Duplornaviricota
3JA4_A	Duplornaviricota
YP_009002592	Duplornaviricota
ADH10220	Duplornaviricota
AHJ14783	Duplornaviricota
ABB17221	Duplornaviricota
ARS43578	Duplornaviricota
AWY11118	Duplornaviricota
BBU41764	Duplornaviricota
YP_009111328	Duplornaviricota
YP_009104379	Duplornaviricota
AOS58302	Duplornaviricota
NP_619776	Duplornaviricota
YP_392478	Duplornaviricota
YP_001936004	Duplornaviricota
QGY64121	Duplornaviricota
AEC32894	Duplornaviricota
QIE06438	Duplornaviricota
YP_009551647	Duplornaviricota
YP_392501	Duplornaviricota
AFA28393	Duplornaviricota
AJD09447	Duplornaviricota
ALV85428	Duplornaviricota
AMO03248	Duplornaviricota
APM87003	Duplornaviricota
AVM87459	Duplornaviricota
AVM87460	Duplornaviricota
AVM87465	Duplornaviricota
AVM87470	Duplornaviricota
QED21522	Duplornaviricota
QGA70899	Duplornaviricota
QIJ70113	Duplornaviricota
YP_003934919	Duplornaviricota
YP_005255241	Duplornaviricota
YP_009072449	Duplornaviricota
YP_009158917	Duplornaviricota
YP_009551617	Duplornaviricota
AFR52693	Duplornaviricota
ACM91122	Duplornaviricota
AAF63300	Duplornaviricota
QDH88539	Duplornaviricota
NP_048059	Kitrinoviricota
NP_049235	Kitrinoviricota
AMQ23297	Kitrinoviricota
AZF86092	Kitrinoviricota
QDW81308	Kitrinoviricota
QED42932	Kitrinoviricota
QED42939	Kitrinoviricota
AQT40964	Kitrinoviricota
ABU98319	Kitrinoviricota
YP_004464929	Kitrinoviricota
AVM87261	Kitrinoviricota
AVM87265	Kitrinoviricota
AVM87268	Kitrinoviricota
AVM87270	Kitrinoviricota
AVM87557	Kitrinoviricota
AVM87559	Kitrinoviricota
QJI53774	Kitrinoviricota
QJI53776	Kitrinoviricota
QJI53778	Kitrinoviricota
QJI53785	Kitrinoviricota
QJI53787	Kitrinoviricota
QKQ15122	Kitrinoviricota
YP_009553211	Kitrinoviricota
YP_009553650	Kitrinoviricota
ANO53541	Kitrinoviricota
AVM87614	Kitrinoviricota
YP_009104375	Kitrinoviricota
ADW09018	Kitrinoviricota
AAR89466	Kitrinoviricota
YP_054423	Kitrinoviricota
AKE49128	Kitrinoviricota
ALU66005	Kitrinoviricota
ASJ26558	Kitrinoviricota
NP_620043	Kitrinoviricota
AGU69238	Kitrinoviricota
BAQ08217	Kitrinoviricota
YP_009407919	Kitrinoviricota
YP_009506336	Kitrinoviricota
AAM96221	Kitrinoviricota
AVN99305	Kitrinoviricota
AWY94210	Kitrinoviricota
AXI82133	Kitrinoviricota
YP_009241367	Kitrinoviricota
BBL52483	Kitrinoviricota
QFR98384	Kitrinoviricota
YP_009552003	Kitrinoviricota
AHH44917	Kitrinoviricota
AXN70089	Kitrinoviricota
YP_241110	Kitrinoviricota
YP_438201	Kitrinoviricota
ATB20098	Kitrinoviricota
QDF44097	Kitrinoviricota
YP_003280846	Kitrinoviricota
YP_007003829	Kitrinoviricota
YP_009212849	Kitrinoviricota
AQM32768	Kitrinoviricota
YP_009551959	Kitrinoviricota
QGW52049	Kitrinoviricota
YP_004123950	Kitrinoviricota
YP_009276355	Kitrinoviricota
YP_009552723	Kitrinoviricota
YP_008169851	Kitrinoviricota
ADN43901	Kitrinoviricota
ALM62234	Kitrinoviricota
AOV81683	Kitrinoviricota
AOV81688	Kitrinoviricota
AOV81695	Kitrinoviricota
AWY10956	Kitrinoviricota
AZT88615	Kitrinoviricota
AZT88616	Kitrinoviricota
AZT88618	Kitrinoviricota
BBZ90073	Kitrinoviricota
BBZ90074	Kitrinoviricota
QDB74983	Kitrinoviricota
QDW65432	Kitrinoviricota
QDW65433	Kitrinoviricota
QGA70905	Kitrinoviricota
QNN89172	Kitrinoviricota
YP_009310051	Kitrinoviricota
YP_009310111	Kitrinoviricota
YP_009310114	Kitrinoviricota
YP_009310116	Kitrinoviricota
AGI44298	Kitrinoviricota
QNC43777	Kitrinoviricota
YP_009508070	Kitrinoviricota
YP_004928118	Kitrinoviricota
CBW59106	Kitrinoviricota
AZP55488	Kitrinoviricota
AYI50369	Kitrinoviricota
AZF86093	Kitrinoviricota
AZF86094	Kitrinoviricota
QDW81322	Kitrinoviricota
QIQ28421	Kitrinoviricota
NP_620047	Kitrinoviricota
BAD93195	Kitrinoviricota
ATS94407	Kitrinoviricota
AXG50304	Kitrinoviricota
QED42965	Kitrinoviricota
ACX54058	Kitrinoviricota
QHD64722	Kitrinoviricota
QED42902	Kitrinoviricota
QED42923	Kitrinoviricota
QHA33746	Kitrinoviricota
QHA33750	Kitrinoviricota
QHA33778	Kitrinoviricota
QIJ70136	Kitrinoviricota
QIM57886	Kitrinoviricota
QNJ34552	Kitrinoviricota
QNM37806	Kitrinoviricota
YP_009552459	Kitrinoviricota
AGG13300	Kitrinoviricota
YP_001718499	Kitrinoviricota
AKH39765	Kitrinoviricota
YP_667844	Kitrinoviricota
AAN46894	Kitrinoviricota
YP_325662	Kitrinoviricota
QHB15107	Kitrinoviricota
AEA48968	Kitrinoviricota
APT42870	Kitrinoviricota
ARQ83956	Kitrinoviricota
YP_009103996	Kitrinoviricota
YP_006905850	Kitrinoviricota
AIZ76639	Kitrinoviricota
AFV39891	Kitrinoviricota
YP_224130	Kitrinoviricota
QJC70224	Kitrinoviricota
QHI43175	Kitrinoviricota
YP_009352883	Kitrinoviricota
YP_009357235	Kitrinoviricota
AWK77900	Kitrinoviricota
QCT25584	Kitrinoviricota
QCZ35721	Kitrinoviricota
QEJ80631	Kitrinoviricota
YP_009508363	Kitrinoviricota
CFS87145	Kitrinoviricota
AVD68668	Kitrinoviricota
QDO72745	Kitrinoviricota
QED42999	Kitrinoviricota
QED43020	Kitrinoviricota
YP_002775440	Kitrinoviricota
YP_003620401	Kitrinoviricota
QDW81035	Kitrinoviricota
QED42988	Kitrinoviricota
AWT24672	Kitrinoviricota
QHA33700	Kitrinoviricota
QDB74984	Kitrinoviricota
YP_009268715	Kitrinoviricota
AWY10998	Kitrinoviricota
BBG56026	Kitrinoviricota
QDW81317	Kitrinoviricota
QEM39127	Kitrinoviricota
YP_009553357	Kitrinoviricota
YP_009553654	Kitrinoviricota
AAN77512	Kitrinoviricota
AAN77513	Kitrinoviricota
AAN77511	Kitrinoviricota
ATD87259	Kitrinoviricota
NP_776035	Kitrinoviricota
YP_009678993	Kitrinoviricota
YP_009679023	Kitrinoviricota
AJO71605	Kitrinoviricota
AMY60011	Kitrinoviricota
YP_009506360	Kitrinoviricota
YP_009664182	Kitrinoviricota
BAK61626	Kitrinoviricota
AGQ22076	Kitrinoviricota
AKA20771	Kitrinoviricota
AVM87253	Kitrinoviricota
AVM87254	Kitrinoviricota
AVM87255	Kitrinoviricota
AVM87256	Kitrinoviricota
AVM87257	Kitrinoviricota
AVM87260	Kitrinoviricota
AVM87554	Kitrinoviricota
AVM87555	Kitrinoviricota
AVM87556	Kitrinoviricota
AWM96387	Kitrinoviricota
AWU67496	Kitrinoviricota
AWX50237	Kitrinoviricota
QDF44088	Kitrinoviricota
QFR04963	Kitrinoviricota
YP_009506368	Kitrinoviricota
ALG04339	Kitrinoviricota
AXY55097	Kitrinoviricota
ATG71375	Kitrinoviricota
ATP66856	Kitrinoviricota
AYV99177	Kitrinoviricota
QHD64738	Kitrinoviricota
QHD64751	Kitrinoviricota
AVM87248	Kitrinoviricota
AVM87249	Kitrinoviricota
AVM87250	Kitrinoviricota
AVM87552	Kitrinoviricota
BBQ05092	Kitrinoviricota
BBV14761	Kitrinoviricota
QBP37018	Kitrinoviricota
QCH00711	Kitrinoviricota
QCH00712	Kitrinoviricota
QCH00716	Kitrinoviricota
QHA33723	Kitrinoviricota
QJU12405	Kitrinoviricota
QNM37798	Kitrinoviricota
YP_009028573	Kitrinoviricota
YP_009388303	Kitrinoviricota
YP_009551951	Kitrinoviricota
AOR51360	Kitrinoviricota
QHD58352	Kitrinoviricota
NP_620109	Kitrinoviricota
ADI48250	Kitrinoviricota
AIO11151	Kitrinoviricota
AMO03241	Kitrinoviricota
ASM94092	Kitrinoviricota
ASM94093	Kitrinoviricota
ASU47554	Kitrinoviricota
AXQ04812	Kitrinoviricota
QDQ19129	Kitrinoviricota
QEE83003	Kitrinoviricota
QIJ70031	Kitrinoviricota
QKI28964	Kitrinoviricota
QKW94219	Kitrinoviricota
QLI47699	Kitrinoviricota
QLI47703	Kitrinoviricota
QNL09585	Kitrinoviricota
AZU96332	Kitrinoviricota
AYP65072	Kitrinoviricota
YP_003620397	Kitrinoviricota
YP_009465710	Pisuviricota
AIU80171	Pisuviricota
ASY03255	Kitrinoviricota
ASY03257	Kitrinoviricota
AUD57817	Kitrinoviricota
QGA70938	Kitrinoviricota
QNM37821	Kitrinoviricota
YP_009380510	Kitrinoviricota
CAR85737	Kitrinoviricota
AWY11002	Kitrinoviricota
AXG65483	Kitrinoviricota
QKW91260	Kitrinoviricota
YP_004300263	Kitrinoviricota
YP_004191788	Kitrinoviricota
AAZ43259	Kitrinoviricota
YP_001285474	Kitrinoviricota
NP_038454	Kitrinoviricota
ASA69342	Kitrinoviricota
ACN59473	Kitrinoviricota
YP_008219057	Kitrinoviricota
AHZ59467	Kitrinoviricota
CAM98052	Kitrinoviricota
QKF95565	Kitrinoviricota
QKF95604	Kitrinoviricota
QKI28846	Kitrinoviricota
QLL27731	Kitrinoviricota
QLL27759	Kitrinoviricota
QNM36913	Kitrinoviricota
BBI41284	Kitrinoviricota
ASM94000	Kitrinoviricota
ASM94014	Kitrinoviricota
ASM94016	Kitrinoviricota
QED21532	Kitrinoviricota
QEO75308	Kitrinoviricota
QGA87325	Kitrinoviricota
QIJ70125	Kitrinoviricota
QIJ70127	Kitrinoviricota
QKK82929	Kitrinoviricota
QKK82930	Kitrinoviricota
YP_009552019	Kitrinoviricota
AEQ25555	Lenarviricota
AAF67676	Lenarviricota
ABH03629	Lenarviricota
AFN37815	Lenarviricota
AFN37819	Lenarviricota
AFU61981	Lenarviricota
AAK20391	Lenarviricota
AMQ23516	Lenarviricota
AMQ23519	Lenarviricota
AMQ23527	Lenarviricota
AMQ23530	Lenarviricota
AMQ23539	Lenarviricota
AMQ23551	Lenarviricota
QDH86445	Lenarviricota
QDH86455	Lenarviricota
QDH86463	Lenarviricota
QDH86477	Lenarviricota
QDH86503	Lenarviricota
QDH86512	Lenarviricota
QDH86518	Lenarviricota
QDH86555	Lenarviricota
QDH86558	Lenarviricota
QDH86574	Lenarviricota
QDH86612	Lenarviricota
QDH86617	Lenarviricota
QDH86629	Lenarviricota
QDH86658	Lenarviricota
QDH86667	Lenarviricota
QDH86683	Lenarviricota
QDH86737	Lenarviricota
QDH86760	Lenarviricota
QDH86791	Lenarviricota
QDH86801	Lenarviricota
QDH86849	Lenarviricota
QDH86866	Lenarviricota
QDH86876	Lenarviricota
QDH86899	Lenarviricota
QDH86941	Lenarviricota
QDH87004	Lenarviricota
QDH87009	Lenarviricota
QDH87016	Lenarviricota
QDH87020	Lenarviricota
QDH87092	Lenarviricota
QDH87106	Lenarviricota
QDH87213	Lenarviricota
QDH87216	Lenarviricota
QDH87230	Lenarviricota
QDH87237	Lenarviricota
QDH87266	Lenarviricota
QDH87350	Lenarviricota
QDH87374	Lenarviricota
QDH87418	Lenarviricota
QDH87450	Lenarviricota
QDH87459	Lenarviricota
QDH87548	Lenarviricota
QDH87566	Lenarviricota
QDH87570	Lenarviricota
QDH87647	Lenarviricota
QDH87674	Lenarviricota
QDH87678	Lenarviricota
QDH87702	Lenarviricota
QDH87716	Lenarviricota
QDH87720	Lenarviricota
QDH87724	Lenarviricota
QDH87743	Lenarviricota
QDH87758	Lenarviricota
QDH87769	Lenarviricota
QDH87776	Lenarviricota
QDH87788	Lenarviricota
QDH87838	Lenarviricota
QDH87841	Lenarviricota
QDH87914	Lenarviricota
QDH87923	Lenarviricota
QDH87940	Lenarviricota
QDH87960	Lenarviricota
QDH87989	Lenarviricota
QDH87994	Lenarviricota
QDH88003	Lenarviricota
QDH88027	Lenarviricota
QDH88031	Lenarviricota
QDH88068	Lenarviricota
QDH88149	Lenarviricota
QDH88176	Lenarviricota
QDH88225	Lenarviricota
QDH88259	Lenarviricota
QDH88278	Lenarviricota
QDH88344	Lenarviricota
QDH88362	Lenarviricota
QDH88380	Lenarviricota
QDH88395	Lenarviricota
QDH88427	Lenarviricota
QDH88442	Lenarviricota
QDH88522	Lenarviricota
QDH88546	Lenarviricota
QDH88549	Lenarviricota
QDH88554	Lenarviricota
QDH88693	Lenarviricota
QDH88700	Lenarviricota
QDH88728	Lenarviricota
QDH88793	Lenarviricota
QDH88806	Lenarviricota
QDH88815	Lenarviricota
QDH88828	Lenarviricota
QDH88857	Lenarviricota
QDH88880	Lenarviricota
QDH88909	Lenarviricota
QDH88939	Lenarviricota
QDH88967	Lenarviricota
QDH88991	Lenarviricota
QDH89025	Lenarviricota
QDH89028	Lenarviricota
QDH89056	Lenarviricota
QDH89059	Lenarviricota
QDH89064	Lenarviricota
QDH89070	Lenarviricota
QDH89073	Lenarviricota
QDH89093	Lenarviricota
QDH89132	Lenarviricota
QDH89147	Lenarviricota
QDH89170	Lenarviricota
QDH89171	Lenarviricota
QDH89180	Lenarviricota
QDH89232	Lenarviricota
QDH89240	Lenarviricota
QDH89245	Lenarviricota
QDH89250	Lenarviricota
QDH89273	Lenarviricota
QDH89277	Lenarviricota
QDH89287	Lenarviricota
QDH89355	Lenarviricota
QDH89401	Lenarviricota
QDH89432	Lenarviricota
QDH89480	Lenarviricota
QDH89490	Lenarviricota
QDH89551	Lenarviricota
QDH89589	Lenarviricota
QDH89632	Lenarviricota
QDH89710	Lenarviricota
QDH89727	Lenarviricota
QDH89781	Lenarviricota
QDH89788	Lenarviricota
QDH89832	Lenarviricota
QDH89838	Lenarviricota
QDH89853	Lenarviricota
QDH89886	Lenarviricota
QDH89915	Lenarviricota
QDH89933	Lenarviricota
QDH89959	Lenarviricota
QDH89979	Lenarviricota
QDH90036	Lenarviricota
QDH90045	Lenarviricota
QDH90090	Lenarviricota
QDH90137	Lenarviricota
QDH90144	Lenarviricota
QDH90223	Lenarviricota
QDH90265	Lenarviricota
QDH90306	Lenarviricota
QDH90318	Lenarviricota
QDH90342	Lenarviricota
QDH90353	Lenarviricota
QDH90384	Lenarviricota
QDH90595	Lenarviricota
QDH90627	Lenarviricota
QDH90644	Lenarviricota
QDH90674	Lenarviricota
QDH90708	Lenarviricota
QDH90720	Lenarviricota
QDH90771	Lenarviricota
QDH90795	Lenarviricota
QDH90855	Lenarviricota
QDH90878	Lenarviricota
QDH90882	Lenarviricota
QDH90890	Lenarviricota
QDH90918	Lenarviricota
QDH90963	Lenarviricota
QDH90982	Lenarviricota
QDH90999	Lenarviricota
QDH91001	Lenarviricota
QDH91026	Lenarviricota
QDH91066	Lenarviricota
QDH91071	Lenarviricota
QDH91101	Lenarviricota
QDH91128	Lenarviricota
QDH91138	Lenarviricota
QDH91145	Lenarviricota
QDH91151	Lenarviricota
QDH91200	Lenarviricota
QDH91206	Lenarviricota
QDH91276	Lenarviricota
QDH91326	Lenarviricota
QDH91340	Lenarviricota
QDH91344	Lenarviricota
QDH91358	Lenarviricota
QDH91485	Lenarviricota
QDH91505	Lenarviricota
QDH91514	Lenarviricota
QDH91519	Lenarviricota
QDH91523	Lenarviricota
QDH91559	Lenarviricota
QDH91570	Lenarviricota
QDH91581	Lenarviricota
NP_660177	Lenarviricota
NP_660178	Lenarviricota
QIR30288	Lenarviricota
QIR30289	Lenarviricota
QIR30290	Lenarviricota
QIR30291	Lenarviricota
QIR30293	Lenarviricota
QIR30294	Lenarviricota
QIR30296	Lenarviricota
QIR30301	Lenarviricota
QIR30303	Lenarviricota
QIR30306	Lenarviricota
QIR30307	Lenarviricota
QIR30308	Lenarviricota
QIR30310	Lenarviricota
QIR30316	Lenarviricota
QIR30318	Lenarviricota
QIR30320	Lenarviricota
QBA55490	Lenarviricota
QBS55243	Lenarviricota
QGZ00443	Lenarviricota
QIP68013	Lenarviricota
QJQ50000	Lenarviricota
YP_009182162	Lenarviricota
YP_009256557	Lenarviricota
YP_009272902	Lenarviricota
YP_009552002	Lenarviricota
YP_009552755	Lenarviricota
AEM89292	Lenarviricota
AGW51766	Lenarviricota
ASM94066	Lenarviricota
ASM94068	Lenarviricota
ASM94071	Lenarviricota
ASM94073	Lenarviricota
ASM94089	Lenarviricota
ASM94096	Lenarviricota
ASM94097	Lenarviricota
ASM94099	Lenarviricota
AWY11206	Lenarviricota
AXA52546	Lenarviricota
QBC65280	Lenarviricota
QBC65281	Lenarviricota
QED21500	Lenarviricota
QED42904	Lenarviricota
QED42934	Lenarviricota
QED42941	Lenarviricota
QED42942	Lenarviricota
QED43012	Lenarviricota
QED43053	Lenarviricota
QIC52826	Lenarviricota
QIC52827	Lenarviricota
QIJ70051	Lenarviricota
QIJ70053	Lenarviricota
QIJ70055	Lenarviricota
QIJ70057	Lenarviricota
QIJ70058	Lenarviricota
QIJ70060	Lenarviricota
QIJ70061	Lenarviricota
QIJ70063	Lenarviricota
QIJ70065	Lenarviricota
QIJ70066	Lenarviricota
QIJ70067	Lenarviricota
QIJ70069	Lenarviricota
QIJ70072	Lenarviricota
QIJ70073	Lenarviricota
QIJ70074	Lenarviricota
QIP67846	Lenarviricota
QIP68039	Lenarviricota
QKI28957	Lenarviricota
QNM37824	Lenarviricota
YP_009388498	Lenarviricota
NP_660179	Lenarviricota
NP_660180	Lenarviricota
NP_660181	Lenarviricota
NP_660174	Lenarviricota
QIR30226	Lenarviricota
QIR30229	Lenarviricota
QIR30232	Lenarviricota
QIR30236	Lenarviricota
QIR30238	Lenarviricota
QIR30240	Lenarviricota
QIR30241	Lenarviricota
QIR30242	Lenarviricota
QIR30244	Lenarviricota
QIR30245	Lenarviricota
QIR30248	Lenarviricota
QIR30252	Lenarviricota
QIR30255	Lenarviricota
QIR30257	Lenarviricota
QIR30259	Lenarviricota
QIR30261	Lenarviricota
QIR30264	Lenarviricota
QIR30265	Lenarviricota
QIR30266	Lenarviricota
QIR30267	Lenarviricota
QIR30269	Lenarviricota
QIR30270	Lenarviricota
QIR30271	Lenarviricota
QIR30272	Lenarviricota
QIR30273	Lenarviricota
QIR30275	Lenarviricota
QIR30276	Lenarviricota
QIR30277	Lenarviricota
QIR30278	Lenarviricota
QIR30279	Lenarviricota
YP_077184	Lenarviricota
AAO21337	Lenarviricota
AEP83726	Lenarviricota
AEY76153	Lenarviricota
AGC24231	Lenarviricota
AGT55876	Lenarviricota
AGT55877	Lenarviricota
AGW51760	Lenarviricota
AHF48623	Lenarviricota
AHF48630	Lenarviricota
AHL25281	Lenarviricota
AHY03257	Lenarviricota
AKN79252	Lenarviricota
ALD89101	Lenarviricota
ALD89102	Lenarviricota
ALD89116	Lenarviricota
ALD89117	Lenarviricota
ALD89118	Lenarviricota
ALD89119	Lenarviricota
ALD89121	Lenarviricota
ALD89122	Lenarviricota
ALD89125	Lenarviricota
ALD89126	Lenarviricota
ALD89127	Lenarviricota
ALD89135	Lenarviricota
ALM62243	Lenarviricota
AMM45292	Lenarviricota
AQM32767	Lenarviricota
AWY10965	Lenarviricota
AWY10985	Lenarviricota
AWY10986	Lenarviricota
AWY10990	Lenarviricota
AWY10991	Lenarviricota
AXE72932	Lenarviricota
AZJ25097	Lenarviricota
AZP53929	Lenarviricota
AZT88621	Lenarviricota
AZT88623	Lenarviricota
AZT88624	Lenarviricota
AZT88625	Lenarviricota
AZY91986	Lenarviricota
BAD72871	Lenarviricota
BAN85985	Lenarviricota
BBG56024	Lenarviricota
BBN51032	Lenarviricota
CEZ26302	Lenarviricota
DAB41740	Lenarviricota
DAB41741	Lenarviricota
DAB41749	Lenarviricota
DAB41750	Lenarviricota
DAB41753	Lenarviricota
DAC76945	Lenarviricota
DAC76947	Lenarviricota
QBN22179	Lenarviricota
QCF24448	Lenarviricota
QCF24449	Lenarviricota
QCF24459	Lenarviricota
QCF24461	Lenarviricota
QDB74989	Lenarviricota
QDH86472	Lenarviricota
QDH86473	Lenarviricota
QDH86523	Lenarviricota
QDH86532	Lenarviricota
QDH86591	Lenarviricota
QDH86603	Lenarviricota
QDH86634	Lenarviricota
QDH86687	Lenarviricota
QDH86740	Lenarviricota
QDH86747	Lenarviricota
QDH86823	Lenarviricota
QDH86922	Lenarviricota
QDH86961	Lenarviricota
QDH86978	Lenarviricota
QDH86987	Lenarviricota
QDH87062	Lenarviricota
QDH87157	Lenarviricota
QDH87228	Lenarviricota
QDH87276	Lenarviricota
QDH87320	Lenarviricota
QDH87351	Lenarviricota
QDH87490	Lenarviricota
QDH87501	Lenarviricota
QDH87546	Lenarviricota
QDH87620	Lenarviricota
QDH87726	Lenarviricota
QDH87755	Lenarviricota
QDH87757	Lenarviricota
QDH87760	Lenarviricota
QDH87766	Lenarviricota
QDH87796	Lenarviricota
QDH87829	Lenarviricota
QDH87868	Lenarviricota
QDH87910	Lenarviricota
QDH87958	Lenarviricota
QDH88156	Lenarviricota
QDH88169	Lenarviricota
QDH88208	Lenarviricota
QDH88261	Lenarviricota
QDH88264	Lenarviricota
QDH88284	Lenarviricota
QDH88349	Lenarviricota
QDH88389	Lenarviricota
QDH88455	Lenarviricota
QDH88475	Lenarviricota
QDH88495	Lenarviricota
QDH88566	Lenarviricota
QDH88589	Lenarviricota
QDH88642	Lenarviricota
QDH88678	Lenarviricota
QDH88711	Lenarviricota
QDH88747	Lenarviricota
QDH88773	Lenarviricota
QDH88794	Lenarviricota
QDH88799	Lenarviricota
QDH88811	Lenarviricota
QDH88943	Lenarviricota
QDH88953	Lenarviricota
QDH88969	Lenarviricota
QDH88980	Lenarviricota
QDH89039	Lenarviricota
QDH89080	Lenarviricota
QDH89084	Lenarviricota
QDH89269	Lenarviricota
QDH89295	Lenarviricota
QDH89392	Lenarviricota
QDH89466	Lenarviricota
QDH89509	Lenarviricota
QDH89525	Lenarviricota
QDH89561	Lenarviricota
QDH89590	Lenarviricota
QDH89602	Lenarviricota
QDH89606	Lenarviricota
QDH89659	Lenarviricota
QDH89715	Lenarviricota
QDH89719	Lenarviricota
QDH89765	Lenarviricota
QDH89774	Lenarviricota
QDH89786	Lenarviricota
QDH89797	Lenarviricota
QDH89815	Lenarviricota
QDH89951	Lenarviricota
QDH89983	Lenarviricota
QDH90007	Lenarviricota
QDH90048	Lenarviricota
QDH90061	Lenarviricota
QDH90101	Lenarviricota
QDH90230	Lenarviricota
QDH90411	Lenarviricota
QDH90500	Lenarviricota
QDH90579	Lenarviricota
QDH90602	Lenarviricota
QDH90683	Lenarviricota
QDH90740	Lenarviricota
QDH90759	Lenarviricota
QDH90781	Lenarviricota
QDH90807	Lenarviricota
QDH90841	Lenarviricota
QDH90861	Lenarviricota
QDH90904	Lenarviricota
QDH90905	Lenarviricota
QDH90913	Lenarviricota
QDH90967	Lenarviricota
QDH90980	Lenarviricota
QDH91058	Lenarviricota
QDH91063	Lenarviricota
QDH91115	Lenarviricota
QDH91286	Lenarviricota
QDH91288	Lenarviricota
QDH91290	Lenarviricota
QDH91292	Lenarviricota
QDH91301	Lenarviricota
QDH91312	Lenarviricota
QDH91459	Lenarviricota
QDH91557	Lenarviricota
QDM55307	Lenarviricota
QDW65415	Lenarviricota
QDW65417	Lenarviricota
QDW65418	Lenarviricota
QDW65419	Lenarviricota
QDW65422	Lenarviricota
QDW65424	Lenarviricota
QDW65425	Lenarviricota
QDW65426	Lenarviricota
QDW80891	Lenarviricota
QED42910	Lenarviricota
QED42917	Lenarviricota
QED42925	Lenarviricota
QED42946	Lenarviricota
QED42978	Lenarviricota
QED42993	Lenarviricota
QED55405	Lenarviricota
QED55408	Lenarviricota
QHA33929	Lenarviricota
QIC51112	Lenarviricota
QIP68030	Lenarviricota
QIP68031	Lenarviricota
QIP68032	Lenarviricota
QIP68034	Lenarviricota
QIQ28424	Lenarviricota
QIS79099	Lenarviricota
QJX15644	Lenarviricota
QJX15645	Lenarviricota
QMU24933	Lenarviricota
QNN89183	Lenarviricota
YP_002284334	Lenarviricota
YP_004564622	Lenarviricota
YP_005352912	Lenarviricota
YP_009165597	Lenarviricota
YP_009259369	Lenarviricota
YP_009259481	Lenarviricota
YP_009259482	Lenarviricota
YP_009259483	Lenarviricota
YP_009259487	Lenarviricota
YP_009272898	Lenarviricota
YP_009272899	Lenarviricota
YP_009272901	Lenarviricota
YP_009465715	Lenarviricota
YP_009465716	Lenarviricota
YP_009465717	Lenarviricota
YP_009551960	Lenarviricota
YP_009551961	Lenarviricota
YP_009552077	Lenarviricota
YP_009552787	Lenarviricota
YP_009553175	Lenarviricota
YP_009553263	Lenarviricota
YP_009553587	Lenarviricota
YP_009182165	Lenarviricota
ALD89139	Lenarviricota
YP_002019757	Lenarviricota
QGY72531	Lenarviricota
QGY72533	Lenarviricota
QGY72534	Lenarviricota
QGY72538	Lenarviricota
QGY72540	Lenarviricota
QGY72551	Lenarviricota
QGY72564	Lenarviricota
QGY72565	Lenarviricota
QGY72566	Lenarviricota
QGY72571	Lenarviricota
QGY72572	Lenarviricota
QGY72574	Lenarviricota
QGY72584	Lenarviricota
QGY72587	Lenarviricota
QGY72590	Lenarviricota
QGY72592	Lenarviricota
QGY72597	Lenarviricota
QGY72601	Lenarviricota
QGY72611	Lenarviricota
QGY72614	Lenarviricota
QGY72616	Lenarviricota
QGY72620	Lenarviricota
AVD68674	Lenarviricota
AWY11006	Lenarviricota
BBF90576	Lenarviricota
QDW65429	Lenarviricota
QDW65430	Lenarviricota
QDW80875	Lenarviricota
QED42899	Lenarviricota
QED42915	Lenarviricota
QED42933	Lenarviricota
QED42953	Lenarviricota
QIC52830	Lenarviricota
QKI29250	Lenarviricota
QNN89182	Lenarviricota
QDB74998	Lenarviricota
QDB74999	Lenarviricota
QDB75000	Lenarviricota
QDB75008	Lenarviricota
QGZ98421	Lenarviricota
QGZ98423	Lenarviricota
QGZ98430	Lenarviricota
QIP68038	Lenarviricota
QLJ94431	Lenarviricota
QGA70917	Negarnaviricota
QGA70919	Negarnaviricota
QGA70948	Negarnaviricota
QMP82146	Negarnaviricota
YP_009330273	Negarnaviricota
YP_009337864	Negarnaviricota
YP_009337847	Negarnaviricota
YP_009337849	Negarnaviricota
YP_009345119	Negarnaviricota
YP_089661	Negarnaviricota
YP_009665966	Negarnaviricota
BBQ04833	Negarnaviricota
QDH90865	Negarnaviricota
YP_009177716	Negarnaviricota
YP_009333178	Negarnaviricota
YP_009302836	Negarnaviricota
YP_009666256	Negarnaviricota
YP_009337860	Negarnaviricota
YP_009333157	Negarnaviricota
YP_009666265	Negarnaviricota
YP_009330113	Negarnaviricota
YP_009336946	Negarnaviricota
YP_009337428	Negarnaviricota
YP_009300663	Negarnaviricota
YP_009336632	Negarnaviricota
YP_009344984	Negarnaviricota
QHA33675	Negarnaviricota
QHA33906	Negarnaviricota
QHA33911	Negarnaviricota
QHA33913	Negarnaviricota
QMP82137	Negarnaviricota
QMP82139	Negarnaviricota
QMP82243	Negarnaviricota
QMP82271	Negarnaviricota
QMP82316	Negarnaviricota
QJD26154	Negarnaviricota
YP_009333185	Negarnaviricota
YP_009333443	Negarnaviricota
APG78703	Negarnaviricota
APG78806	Negarnaviricota
YP_009333449	Negarnaviricota
ADU05398	Negarnaviricota
AKG96060	Negarnaviricota
QGM12362	Negarnaviricota
YP_009288955	Negarnaviricota
YP_009336889	Negarnaviricota
YP_009303699	Negarnaviricota
YP_009336924	Negarnaviricota
YP_009304420	Negarnaviricota
QMP82230	Negarnaviricota
QMP82292	Negarnaviricota
QMP82349	Negarnaviricota
QMP82354	Negarnaviricota
APG78782	Negarnaviricota
YP_009336595	Negarnaviricota
BBI93117	Negarnaviricota
ALM62229	Negarnaviricota
QHD64779	Negarnaviricota
YP_009333418	Negarnaviricota
YP_009666292	Negarnaviricota
YP_009336618	Negarnaviricota
YP_009304558	Negarnaviricota
QMP82162	Negarnaviricota
YP_009052467	Negarnaviricota
YP_009342311	Negarnaviricota
QDO67017	Negarnaviricota
ANV82505	Negarnaviricota
ADK25248	Negarnaviricota
AXE73452	Negarnaviricota
YP_009094160	Negarnaviricota
AVM87378	Negarnaviricota
AVM87400	Negarnaviricota
NP_899661	Negarnaviricota
YP_009094087	Negarnaviricota
NP_054697	Negarnaviricota
QEG03865	Negarnaviricota
AVM87362	Negarnaviricota
AKA45852	Negarnaviricota
YP_009094394	Negarnaviricota
QMP82361	Negarnaviricota
YP_009362154	Negarnaviricota
AYD37624	Negarnaviricota
AZB50452	Negarnaviricota
AEF56733	Negarnaviricota
QLT57530	Negarnaviricota
QNO38995	Negarnaviricota
YP_009300689	Negarnaviricota
QCF24337	Negarnaviricota
CAA52076	Negarnaviricota
YP_052849	Negarnaviricota
ABA60889	Negarnaviricota
YP_004927971	Negarnaviricota
QBZ28538	Negarnaviricota
QHB15169	Negarnaviricota
QIQ60850	Negarnaviricota
YP_007641367	Negarnaviricota
YP_009094471	Negarnaviricota
AJR28289	Negarnaviricota
YP_009664719	Negarnaviricota
AQN78378	Negarnaviricota
AGX86091	Negarnaviricota
AJG39248	Negarnaviricota
AJR28432	Negarnaviricota
AMK09240	Negarnaviricota
AMO03237	Negarnaviricota
ARO50044	Negarnaviricota
ASM94085	Negarnaviricota
ASU89571	Negarnaviricota
AUD57853	Negarnaviricota
AUW34382	Negarnaviricota
AUW34390	Negarnaviricota
AUW34395	Negarnaviricota
AVM87284	Negarnaviricota
AVM87294	Negarnaviricota
AVM87309	Negarnaviricota
AVM87567	Negarnaviricota
AXA52562	Negarnaviricota
AYP65053	Negarnaviricota
AYW51543	Negarnaviricota
QBQ65007	Negarnaviricota
QDJ94287	Negarnaviricota
QGW51125	Negarnaviricota
QHI42117	Negarnaviricota
QJD26153	Negarnaviricota
QKI29233	Negarnaviricota
QKI29234	Negarnaviricota
QKY64636	Negarnaviricota
QMP81799	Negarnaviricota
QMP82181	Negarnaviricota
QMP82194	Negarnaviricota
QMP82217	Negarnaviricota
QMP82309	Negarnaviricota
QMP82336	Negarnaviricota
QMP82342	Negarnaviricota
YP_009204560	Negarnaviricota
YP_009289352	Negarnaviricota
YP_009304476	Negarnaviricota
YP_009304985	Negarnaviricota
YP_009305112	Negarnaviricota
YP_009094051	Negarnaviricota
QHD64769	Negarnaviricota
ALD89145	Negarnaviricota
AUZ99699	Negarnaviricota
AVK59483	Negarnaviricota
QGA70901	Negarnaviricota
QGA70913	Negarnaviricota
QIJ70030	Negarnaviricota
QNM37835	Negarnaviricota
AOR51372	Negarnaviricota
YP_009337182	Negarnaviricota
YP_009666282	Negarnaviricota
YP_009337121	Negarnaviricota
YP_009336728	Negarnaviricota
BBQ04822	Negarnaviricota
QMP82151	Negarnaviricota
YP_009302387	Negarnaviricota
YP_009330274	Negarnaviricota
YP_009337854	Negarnaviricota
YP_009551555	Negarnaviricota
AZI72619	Negarnaviricota
AAX99342	Negarnaviricota
YP_009508474	Negarnaviricota
AKH49177	Negarnaviricota
AVM87649	Negarnaviricota
AWH90163	Negarnaviricota
BBM96177	Negarnaviricota
CAA0079389	Negarnaviricota
QEE82892	Negarnaviricota
QID58973	Negarnaviricota
AVM87659	Negarnaviricota
AVM87662	Negarnaviricota
QGM12349	Negarnaviricota
AVM87665	Negarnaviricota
QBG80296	Negarnaviricota
QFQ60707	Negarnaviricota
BAM11220	Negarnaviricota
QMP82215	Negarnaviricota
QMP82286	Negarnaviricota
YP_009345128	Negarnaviricota
QMP82188	Negarnaviricota
AMT75389	Negarnaviricota
AXQ59276	Negarnaviricota
YP_009300680	Negarnaviricota
YP_009293594	Negarnaviricota
QMP82413	Negarnaviricota
YP_009362026	Negarnaviricota
YP_009666980	Negarnaviricota
AUE23904	Negarnaviricota
QKW91261	Negarnaviricota
YP_009300681	Negarnaviricota
AIL53813	Negarnaviricota
AJG39239	Negarnaviricota
AJG39243	Negarnaviricota
AJG39251	Negarnaviricota
AJG39265	Negarnaviricota
AJG39269	Negarnaviricota
AJG39271	Negarnaviricota
AJG39272	Negarnaviricota
AKN08988	Negarnaviricota
ARE30258	Negarnaviricota
QDJ95875	Negarnaviricota
QEO75951	Negarnaviricota
YP_009664561	Negarnaviricota
AKN56880	Negarnaviricota
YP_009362029	Negarnaviricota
YP_009507889	Negarnaviricota
YP_009666981	Negarnaviricota
AJG39245	Negarnaviricota
AWA82264	Negarnaviricota
AWA82278	Negarnaviricota
QMP82153	Negarnaviricota
QMP82170	Negarnaviricota
QMP82218	Negarnaviricota
QMP82345	Negarnaviricota
QMP82378	Negarnaviricota
ATW62989	Negarnaviricota
YP_009329894	Negarnaviricota
QIJ25704	Negarnaviricota
AVD68666	Negarnaviricota
YP_009305136	Negarnaviricota
YP_009330283	Negarnaviricota
ASY03248	Negarnaviricota
BBI93118	Negarnaviricota
APJ35636	Negarnaviricota
YP_009330277	Negarnaviricota
AGZ62535	Negarnaviricota
AHE13863	Negarnaviricota
AWK68112	Negarnaviricota
QDF82060	Negarnaviricota
AFO66276	Negarnaviricota
AEF56734	Negarnaviricota
ACG58371	Negarnaviricota
YP_009551587	Negarnaviricota
AEF56735	Negarnaviricota
QIK03944	Negarnaviricota
QLJ83469	Negarnaviricota
QDW80893	Negarnaviricota
QDZ17042	Negarnaviricota
QMP82114	Negarnaviricota
QMP82130	Negarnaviricota
QMP82145	Negarnaviricota
QMP82158	Negarnaviricota
QMP82169	Negarnaviricota
QMP82187	Negarnaviricota
QMP82203	Negarnaviricota
QMP82210	Negarnaviricota
QMP82212	Negarnaviricota
QMP82249	Negarnaviricota
QMP82269	Negarnaviricota
QMP82310	Negarnaviricota
QMP82311	Negarnaviricota
QMP82347	Negarnaviricota
QMP82365	Negarnaviricota
AIU95032	Negarnaviricota
AJG39274	Negarnaviricota
YP_009304989	Negarnaviricota
YP_009305000	Negarnaviricota
NP_049362	Negarnaviricota
AJT59689	Negarnaviricota
QGY72640	Negarnaviricota
QGY72643	Negarnaviricota
QGY72644	Negarnaviricota
ASY03250	Negarnaviricota
AUF41956	Negarnaviricota
AVK42879	Negarnaviricota
AVM87194	Negarnaviricota
AXA52548	Negarnaviricota
AXQ04880	Negarnaviricota
AYD61653	Negarnaviricota
QBZ68778	Negarnaviricota
QEQ51085	Negarnaviricota
QGA70916	Negarnaviricota
QGA70932	Negarnaviricota
QGA70944	Negarnaviricota
QGA87322	Negarnaviricota
QIJ56910	Negarnaviricota
QIJ70046	Negarnaviricota
QIJ70048	Negarnaviricota
QJD26146	Negarnaviricota
QKK82912	Negarnaviricota
QLF99168	Negarnaviricota
QLF99170	Negarnaviricota
QLF99171	Negarnaviricota
QLF99173	Negarnaviricota
QLF99174	Negarnaviricota
QLF99175	Negarnaviricota
YP_009553307	Negarnaviricota
YP_009666319	Negarnaviricota
QIH29423	Negarnaviricota
ADT64882	Negarnaviricota
AGZ59874	Negarnaviricota
QDC27501	Negarnaviricota
BAV18546	Negarnaviricota
ABG65758	Negarnaviricota
AVM87640	Negarnaviricota
AJG39091	Negarnaviricota
AJG39095	Negarnaviricota
QGA70939	Negarnaviricota
YP_009553280	Negarnaviricota
AQM37684	Negarnaviricota
ASM94088	Negarnaviricota
AVM87616	Negarnaviricota
AVM87618	Negarnaviricota
AVM87619	Negarnaviricota
AVM87629	Negarnaviricota
AVM87635	Negarnaviricota
QDK54862	Negarnaviricota
QIJ70032	Negarnaviricota
QJQ28580	Negarnaviricota
QKK82920	Negarnaviricota
QMP82168	Negarnaviricota
QMP82195	Negarnaviricota
QMP82202	Negarnaviricota
QMP82204	Negarnaviricota
QMP82331	Negarnaviricota
QMP82355	Negarnaviricota
QMP82367	Negarnaviricota
QMP82403	Negarnaviricota
QEQ50490	Negarnaviricota
QEQ50497	Negarnaviricota
QKW91265	Negarnaviricota
QKW91270	Negarnaviricota
NP_573541	.
QNJ60189	.
AWY11108	.
BBO25553	.
QIJ56920	.
QHD64761	Pisuviricota
DAB41668	Pisuviricota
YP_009362302	Pisuviricota
YP_009389417	Pisuviricota
YP_009552799	Pisuviricota
ANN12897	Pisuviricota
NP_613266	Pisuviricota
ALD89099	Pisuviricota
AZA15168	Pisuviricota
AZF86107	Pisuviricota
AZF86111	Pisuviricota
AZF86113	Pisuviricota
AZT88611	Pisuviricota
AZT88614	Pisuviricota
QDW92698	Pisuviricota
QDY81493	Pisuviricota
QFR36339	Pisuviricota
QHI00074	Pisuviricota
YP_009448196	Pisuviricota
AOX47536	Pisuviricota
APG76083	Pisuviricota
BBB86801	Pisuviricota
QED42897	Pisuviricota
QED42922	Pisuviricota
YP_009333562	Pisuviricota
YP_009508048	Pisuviricota
YP_009508236	Pisuviricota
CAJ29958	Pisuviricota
BAD32678	Pisuviricota
YP_009665969	Pisuviricota
ACX43951	Pisuviricota
AST13828	Pisuviricota
YP_009508063	Pisuviricota
BAT24482	Pisuviricota
O15925	Pisuviricota
YP_004429258	Pisuviricota
YP_009551507	Pisuviricota
QGZ98411	Pisuviricota
QHD64795	Pisuviricota
AIE47694	Pisuviricota
AIE77248	Pisuviricota
ALM62245	Pisuviricota
AOX47570	Pisuviricota
ASM94012	Pisuviricota
ATY36110	Pisuviricota
AVA30703	Pisuviricota
AWD38959	Pisuviricota
BAA25883	Pisuviricota
BAH08700	Pisuviricota
BAM36403	Pisuviricota
BBE15518	Pisuviricota
BBQ05103	Pisuviricota
BBU59831	Pisuviricota
BBU59854	Pisuviricota
BBU59858	Pisuviricota
BCD56385	Pisuviricota
BCD56388	Pisuviricota
CUS18591	Pisuviricota
QBP37032	Pisuviricota
QED42977	Pisuviricota
QFR15910	Pisuviricota
QGA70914	Pisuviricota
QGA70940	Pisuviricota
QGL51732	Pisuviricota
QHA33703	Pisuviricota
QHA33705	Pisuviricota
QHA33706	Pisuviricota
QHB49873	Pisuviricota
QIC52831	Pisuviricota
QIC52832	Pisuviricota
QIC52833	Pisuviricota
QIJ56918	Pisuviricota
QIJ70083	Pisuviricota
QIJ70084	Pisuviricota
QIJ70085	Pisuviricota
QIJ70093	Pisuviricota
QKI28960	Pisuviricota
QKI28961	Pisuviricota
QLC36801	Pisuviricota
QLC36805	Pisuviricota
QLC36811	Pisuviricota
QLC36814	Pisuviricota
QLC36816	Pisuviricota
QMI58128	Pisuviricota
YP_008327312	Pisuviricota
YP_009551641	Pisuviricota
YP_009553311	Pisuviricota
ALL29318	Pisuviricota
AIY31290	Pisuviricota
AKN50617	Pisuviricota
AOW41972	Pisuviricota
AVA30696	Pisuviricota
AVD97026	Pisuviricota
AVD97029	Pisuviricota
AVD97068	Pisuviricota
AVD97091	Pisuviricota
AVD97098	Pisuviricota
AVX29472	Pisuviricota
AVX29475	Pisuviricota
AVX53252	Pisuviricota
AVX53253	Pisuviricota
AVX53257	Pisuviricota
AVX53262	Pisuviricota
AVX53266	Pisuviricota
AVX53271	Pisuviricota
AVX53281	Pisuviricota
AVX53287	Pisuviricota
AVX53298	Pisuviricota
QHN70727	Pisuviricota
QIJ70103	Pisuviricota
AVD54055	Pisuviricota
AVM87403	Pisuviricota
AWV66962	Pisuviricota
AWV66964	Pisuviricota
AWV66966	Pisuviricota
AWV66984	Pisuviricota
AWV66992	Pisuviricota
AWV66994	Pisuviricota
AWV66999	Pisuviricota
AWV67001	Pisuviricota
AWV67004	Pisuviricota
AWV67005	Pisuviricota
AWV67006	Pisuviricota
AWV67007	Pisuviricota
QNL09598	Pisuviricota
AVM87568	Pisuviricota
QNI38735	Pisuviricota
YP_009755862	Pisuviricota
YP_009755856	Pisuviricota
AVM87573	Pisuviricota
QGQ56578	Pisuviricota
QDC23193	Pisuviricota
QLL27749	Pisuviricota
AGI52414	Pisuviricota
YP_009551452	Pisuviricota
YP_009755867	Pisuviricota
YP_009755852	Pisuviricota
YP_009336549	Pisuviricota
YP_009333323	Pisuviricota
YP_001661452	Pisuviricota
YP_009505581	Pisuviricota
YP_009666260	Pisuviricota
QFU19725	Pisuviricota
CAA36601	Pisuviricota
YP_009553214	Pisuviricota
ABV56614	Pisuviricota
YP_009417302	Pisuviricota
YP_009272568	Pisuviricota
ADP24615	Pisuviricota
3NAH_A	Pisuviricota
AWU65998	Pisuviricota
AHX24377	Pisuviricota
ADG03646	Pisuviricota
QHC33973	Pisuviricota
AFJ39353	Pisuviricota
AQQ78875	Pisuviricota
AEA36682	Pisuviricota
AIF74264	Pisuviricota
AIF74269	Pisuviricota
ARM65436	Pisuviricota
AVM87195	Pisuviricota
AVM87197	Pisuviricota
AVM87199	Pisuviricota
AVM87206	Pisuviricota
AVM87208	Pisuviricota
AVM87214	Pisuviricota
AVM87216	Pisuviricota
AVM87218	Pisuviricota
AVM87220	Pisuviricota
AVM87221	Pisuviricota
AVM87224	Pisuviricota
AVM87226	Pisuviricota
AVM87228	Pisuviricota
AVM87543	Pisuviricota
AVM87546	Pisuviricota
AVM87548	Pisuviricota
AVM87550	Pisuviricota
AXF38742	Pisuviricota
QCP68858	Pisuviricota
QEG79135	Pisuviricota
QKW94199	Pisuviricota
QKW94212	Pisuviricota
QCZ35343	Pisuviricota
NP_149057	Pisuviricota
AWI97853	Pisuviricota
ASH89118	Pisuviricota
AYH52672	Pisuviricota
QBL75887	Pisuviricota
QMU95533	Pisuviricota
AGW80519	Pisuviricota
AYP65061	Pisuviricota
NP_620555	Pisuviricota
NP_620562	Pisuviricota
AOC55056	Pisuviricota
ASM93986	Pisuviricota
ASM94061	Pisuviricota
AVA30705	Pisuviricota
AWK23470	Pisuviricota
AWU67494	Pisuviricota
AZB50980	Pisuviricota
QCO76497	Pisuviricota
QFO38072	Pisuviricota
QJZ28379	Pisuviricota
QJZ28384	Pisuviricota
QKE44120	Pisuviricota
QKF95572	Pisuviricota
QKF95576	Pisuviricota
QKF95577	Pisuviricota
QKF95596	Pisuviricota
QKF95598	Pisuviricota
QKI28833	Pisuviricota
QKI28875	Pisuviricota
QKI28879	Pisuviricota
QKK13171	Pisuviricota
YP_009388499	Pisuviricota
AOX47515	Pisuviricota
ABO09751	Pisuviricota
AGO86045	Pisuviricota
NP_277061	Pisuviricota
YP_004935365	Pisuviricota
YP_009505598	Pisuviricota
YP_009505599	Pisuviricota
YP_001285409	Pisuviricota
QHI42120	Pisuviricota
QNM37808	Pisuviricota
QHD64752	Pisuviricota
AMO03216	Pisuviricota
AUE23905	Pisuviricota
QBL75900	Pisuviricota
QBP37019	Pisuviricota
QBP37020	Pisuviricota
QFS19921	Pisuviricota
QKN89037	Pisuviricota
QKN89041	Pisuviricota
QKN89043	Pisuviricota
QKN89045	Pisuviricota
QKN89052	Pisuviricota
QKN89060	Pisuviricota
QKN89068	Pisuviricota
QKQ15124	Pisuviricota
QKQ15125	Pisuviricota
QKQ15126	Pisuviricota
YP_008130309	Pisuviricota
YP_008130310	Pisuviricota
YP_009129265	Pisuviricota
YP_009315906	Pisuviricota
YP_009444707	Pisuviricota
YP_009552832	Pisuviricota
BBO15696	Pisuviricota
NP_944776	Pisuviricota
QKQ15128	Pisuviricota
QKQ15132	Pisuviricota
QKQ15135	Pisuviricota
QKQ15139	Pisuviricota
QJI53801	Pisuviricota
YP_009026377	Pisuviricota
ABB76801	Pisuviricota
AEE65036	Pisuviricota
YP_001497184	Pisuviricota
AEP84759	Pisuviricota
AGF33849	Pisuviricota
YP_009055013	Pisuviricota
YP_009116874	Pisuviricota
AWK02679	Pisuviricota
QIK01928	Pisuviricota
YP_009104398	Pisuviricota
YP_009552280	Pisuviricota
ATA62813	Pisuviricota
ANJ20933	Pisuviricota
YP_009055057	Pisuviricota
YP_009133208	Pisuviricota
ALL35266	Pisuviricota
QJF11790	Pisuviricota
YP_009345896	Pisuviricota
YP_009351863	Pisuviricota
YP_006628187	Pisuviricota
AHL26986	Pisuviricota
YP_009362314	Pisuviricota
AVX29482	Pisuviricota
YP_003853320	Pisuviricota
QDE12130	Pisuviricota
BAV53294	Pisuviricota
YP_009361997	Pisuviricota
SNQ27946	Pisuviricota
ALJ52073	Pisuviricota
ALR74732	Pisuviricota
APA29019	Pisuviricota
AUW34301	Pisuviricota
AUW34302	Pisuviricota
QCF41176	Pisuviricota
QDY92378	Pisuviricota
QEA03479	Pisuviricota
QED21509	Pisuviricota
QED21519	Pisuviricota
QED21536	Pisuviricota
QEQ92497	Pisuviricota
YP_004564619	Pisuviricota
YP_009100112	Pisuviricota
YP_009118270	Pisuviricota
YP_009553719	Pisuviricota
AXQ03965	Pisuviricota
ANQ80547	Pisuviricota
YP_009666862	Pisuviricota
QJX58422	Pisuviricota
YP_009508298	Pisuviricota
AIF74248	Pisuviricota
AID68368	Pisuviricota
AGM16003	Pisuviricota
AIY68183	Pisuviricota
Q6WQ42	Pisuviricota
QMU95558	Pisuviricota
QNM37809	Pisuviricota
YP_009330058	Pisuviricota
YP_009337404	Pisuviricota
YP_009407949	Pisuviricota
BBM96516	Pisuviricota
AXA52568	Pisuviricota
AZL87720	Pisuviricota
QHA33683	Pisuviricota
QCY50809	Pisuviricota
YP_009665965	Pisuviricota
QMU24007	Pisuviricota
NP_734030	Pisuviricota
AZF99054	Pisuviricota
BBM81636	Pisuviricota
YP_008877670	Pisuviricota
AFB82733	Pisuviricota
NP_734045	Pisuviricota
QBZ78367	Pisuviricota
QDZ36658	Pisuviricota
QIC89930	Pisuviricota
QIK02125	Pisuviricota
QJC58395	Pisuviricota
AWK77903	Pisuviricota
AWK77905	Pisuviricota
AZN18341	Pisuviricota
QBH90901	Pisuviricota
QED42866	Pisuviricota
QMU24008	Pisuviricota
YP_009342468	Pisuviricota
YP_004940021	Pisuviricota
NP_734025	Pisuviricota
AMS36886	Pisuviricota
QIZ40097	Pisuviricota
NP_734447	Pisuviricota
BBH72270	Pisuviricota
AAR14150	Pisuviricota
BBL52501	Pisuviricota
QHB15178	Pisuviricota
ACZ65579	Pisuviricota
AXN90920	Pisuviricota
QHD64723	Pisuviricota
QHD64754	Pisuviricota
ADK97705	Pisuviricota
ADK97708	Pisuviricota
AIS73139	Pisuviricota
AOX15244	Pisuviricota
APS85755	Pisuviricota
APS85759	Pisuviricota
ASG92520	Pisuviricota
ASG92522	Pisuviricota
ASG92524	Pisuviricota
ASG92527	Pisuviricota
ASG92530	Pisuviricota
ASG92532	Pisuviricota
ASG92534	Pisuviricota
ASG92536	Pisuviricota
ASG92540	Pisuviricota
ASG92542	Pisuviricota
ASG92549	Pisuviricota
ASM93997	Pisuviricota
ASM94050	Pisuviricota
ASM94065	Pisuviricota
ASM94077	Pisuviricota
ATO59709	Pisuviricota
AUD40070	Pisuviricota
AVM87404	Pisuviricota
AVM87405	Pisuviricota
AVM87406	Pisuviricota
AVM87407	Pisuviricota
AVM87408	Pisuviricota
AVM87409	Pisuviricota
AVM87411	Pisuviricota
AVM87413	Pisuviricota
AVM87415	Pisuviricota
AVM87416	Pisuviricota
AVM87417	Pisuviricota
AVM87418	Pisuviricota
AVM87419	Pisuviricota
AVM87420	Pisuviricota
AVM87421	Pisuviricota
AVM87424	Pisuviricota
AVM87439	Pisuviricota
AVM87442	Pisuviricota
AVM87443	Pisuviricota
AVM87444	Pisuviricota
AVM87446	Pisuviricota
AVM87450	Pisuviricota
AVM87451	Pisuviricota
AVM87453	Pisuviricota
AVM87454	Pisuviricota
AVM87457	Pisuviricota
AVM87594	Pisuviricota
AVM87595	Pisuviricota
AWC26954	Pisuviricota
AWK02666	Pisuviricota
AWK02669	Pisuviricota
AWK02682	Pisuviricota
AWK77840	Pisuviricota
AWK77843	Pisuviricota
AWK77845	Pisuviricota
AWK77849	Pisuviricota
AWK77856	Pisuviricota
AWK77858	Pisuviricota
AWK77859	Pisuviricota
AWK77860	Pisuviricota
AWK77865	Pisuviricota
AWK77867	Pisuviricota
AWK77868	Pisuviricota
AWK77870	Pisuviricota
AWK77871	Pisuviricota
AWK77873	Pisuviricota
AWK77875	Pisuviricota
AWK77880	Pisuviricota
AWK77882	Pisuviricota
AWK77883	Pisuviricota
AWK77884	Pisuviricota
AWK77888	Pisuviricota
AWK77891	Pisuviricota
AWK77892	Pisuviricota
AWK77894	Pisuviricota
AWK77896	Pisuviricota
AWK77897	Pisuviricota
AXF38653	Pisuviricota
AYU58609	Pisuviricota
AZF98736	Pisuviricota
BBE07890	Pisuviricota
QAA77647	Pisuviricota
QBS55250	Pisuviricota
QCH40774	Pisuviricota
QED42924	Pisuviricota
QFX66142	Pisuviricota
QGA87323	Pisuviricota
QGA87336	Pisuviricota
QHI42122	Pisuviricota
QIC52838	Pisuviricota
QKK82955	Pisuviricota
QKK82957	Pisuviricota
QKK82958	Pisuviricota
QKK82961	Pisuviricota
QKK82963	Pisuviricota
QKK82964	Pisuviricota
QKK82966	Pisuviricota
QKK82967	Pisuviricota
QKK82968	Pisuviricota
QKK82970	Pisuviricota
QKK82972	Pisuviricota
QKK82974	Pisuviricota
QKK82975	Pisuviricota
QKK82977	Pisuviricota
QKK82979	Pisuviricota
QKK82981	Pisuviricota
QKK82983	Pisuviricota
QMV49688	Pisuviricota
QNJ34550	Pisuviricota
YP_009227212	Pisuviricota
YP_009269301	Pisuviricota
YP_009270628	Pisuviricota
YP_009315907	Pisuviricota
YP_009329819	Pisuviricota
YP_009329821	Pisuviricota
YP_009336711	Pisuviricota
YP_009342320	Pisuviricota
YP_009362296	Pisuviricota
YP_009551899	Pisuviricota
YP_009551963	Pisuviricota
YP_009552779	Pisuviricota
YP_009553470	Pisuviricota
YP_009553501	Pisuviricota
YP_009553600	Pisuviricota
AII82234	Pisuviricota
AII82258	Pisuviricota
AWU65874	Pisuviricota
ALE31138	Pisuviricota
APQ44514	Pisuviricota
ANA09086	Pisuviricota
ANA09091	Pisuviricota
ANA09093	Pisuviricota
ANA09096	Pisuviricota
ANA09097	Pisuviricota
QCX08936	Pisuviricota
QCX08937	Pisuviricota
QKG01826	Pisuviricota
YP_009010972	Pisuviricota
YP_386495	Pisuviricota
NP_042510	Pisuviricota
ALD89112	Pisuviricota
AVO00799	Pisuviricota
QED42970	Pisuviricota
AAC15987	Pisuviricota
AEE36651	Pisuviricota
AGP50166	Pisuviricota
QIJ70036	Pisuviricota
ASM94007	Pisuviricota
ASM94047	Pisuviricota
QGL04934	Pisuviricota
QIJ56917	Pisuviricota
QNM37820	Pisuviricota
QED21502	Pisuviricota
QHA33869	Pisuviricota
QHA33876	Pisuviricota
QIJ70116	Pisuviricota
QIJ70118	Pisuviricota
QIJ70120	Pisuviricota
QJI53805	Pisuviricota
QJI53809	Pisuviricota
QJI53811	Pisuviricota
QJI53815	Pisuviricota
QKI29238	Pisuviricota
QKI29243	Pisuviricota
YP_009373261	Pisuviricota
AXS77503	Pisuviricota
YP_009508455	Pisuviricota
APY27176	Pisuviricota
AZJ53460	Pisuviricota
AOY33888	Pisuviricota
CBA13048	Pisuviricota
ADX01228	Pisuviricota
ASJ27536	Pisuviricota
ALK24143	Pisuviricota
AEN25488	Pisuviricota
AFA26424	Pisuviricota
ATY37425	Pisuviricota
CAA63099	Pisuviricota
Q65729	Pisuviricota
AYC63251	Pisuviricota
AYE54789	Pisuviricota
QED42822	Pisuviricota
QLC36607	Pisuviricota
QMP81800	Pisuviricota
APQ41668	Pisuviricota
QDH76166	Pisuviricota
YP_009345898	Pisuviricota
ACN88713	Pisuviricota
AVM87138	Pisuviricota
AVM87143	Pisuviricota
AVM87145	Pisuviricota
AVM87150	Pisuviricota
AVM87155	Pisuviricota
AVM87158	Pisuviricota
AVM87166	Pisuviricota
AVM87174	Pisuviricota
AVM87176	Pisuviricota
AVM87190	Pisuviricota
AVM87494	Pisuviricota
AVM87496	Pisuviricota
AVM87513	Pisuviricota
AVM87522	Pisuviricota
AVM87524	Pisuviricota
AVM87526	Pisuviricota
AVM87532	Pisuviricota
AVM87534	Pisuviricota
AVM87601	Pisuviricota
AVM87603	Pisuviricota
BAX00273	Pisuviricota
QBJ04611	Pisuviricota
QDH88137	Pisuviricota
QDH88207	Pisuviricota
QDH88435	Pisuviricota
QDH88834	Pisuviricota
QDH90753	Pisuviricota
QKN88811	Pisuviricota
QKN88920	Pisuviricota
YP_009333167	Pisuviricota
YP_009552769	Pisuviricota
AMD81602	Pisuviricota
YP_009408589	Pisuviricota
QDH44656	.
AVZ65983	.
AEX87902	.
APJ38011	.
APT35493	.
ASM94029	.
ASN64756	.
ASN64762	.
AST13105	.
AVD98637	.
AWI42879	.
AXA52557	.
AXN77144	.
AXU25965	.
AYD68769	.
AYD68770	.
AYD68771	.
AYH53280	.
AYJ09265	.
AYN64867	Negarnaviricota
AYP67531	.
AYP67558	.
AYP67564	.
AYP67570	.
AYP67571	.
AYP71809	.
AYX41642	.
AZT88619	.
QAY29237	.
QAY29244	.
QAY29251	.
QAY29252	.
QAY29256	.
QAY29257	.
QBL75890	.
QCE20589	.
QCF47402	.
QDH86492	.
QDH86571	.
QDH86694	.
QDH86707	.
QDH86776	.
QDH86813	.
QDH86828	.
QDH86884	.
QDH87038	.
QDH87076	.
QDH87223	.
QDH87382	.
QDH87394	.
QDH87729	.
QDH87807	.
QDH87823	.
QDH88192	.
QDH88296	.
QDH88311	.
QDH88359	.
QDH88387	.
QDH88579	.
QDH88625	.
QDH88870	.
QDH88955	.
QDH88963	.
QDH88984	.
QDH89210	.
QDH89293	.
QDH89718	.
QDH89742	.
QDH89849	.
QDH89938	.
QDH89940	.
QDH90157	.
QDH90210	.
QDH90217	.
QDH90405	.
QDH90611	.
QDH90932	.
QDH91075	.
QDH91118	.
QDH91134	.
QDH91315	.
QDH91409	.
QDH91497	.
QDM35290	.
QDW81299	.
QFR59038	.
QFR59040	.
QFR59041	.
QFR59042	.
QFR59043	.
QFR59045	.
QFR59048	.
QFR59052	.
QFR59057	.
QFS19924	.
QGA69815	.
QGV56801	.
QHD64735	.
QHD64740	.
QHD64746	.
QHD64783	Negarnaviricota
QHD64784	Negarnaviricota
QHG11072	.
QIC51517	.
QIC52850	Negarnaviricota
QIC52851	.
QIC52853	.
QIC54088	.
QID77678	.
QID77679	.
QIJ25702	.
QIJ25853	.
QIJ25864	.
QIJ25866	.
QIJ25870	.
QIJ70018	.
QIP68011	.
QIP68027	.
QIP68028	.
QIP68029	.
QIS87940	.
QIS87941	.
QIS87951	.
QIS87955	.
QIS87957	.
QIS87960	.
QIS87961	.
QIS87962	.
QIS87963	.
QIS87966	.
QIS87975	.
QIS87978	.
QIS87981	.
QIS87987	.
QIS87991	.
QIS87993	.
QIS87995	.
QIS87998	.
QIS88003	.
QIS88006	.
QIS88011	.
QIS88015	.
QIS88016	.
QIS88017	.
QIS88018	.
QIS88020	.
QIS88022	.
QIS88025	.
QIS88026	.
QIS88027	.
QIS88029	.
QIS88033	.
QIS88034	.
QIS88035	.
QIS88037	.
QIS88043	.
QIS88050	.
QIS88051	.
QIS88052	.
QIS88054	.
QIS88057	.
QIT20099	.
QIT20101	.
QJI53469	.
QJI53474	.
QJI53476	.
QJI53478	.
QJI53482	.
QJI53485	.
QJI53489	.
QJI53500	.
QJI53501	.
QJI53510	.
QJI53513	.
QJI53768	.
QJI53770	.
QJX19787	.
QKK82906	.
QKN88916	.
QKN88990	.
QKN88997	.
QKN89003	.
QKN89007	.
QKN89011	.
QKN89014	.
QKN89018	.
QKN89021	.
QKN89031	.
QKN89032	.
QKW94206	.
QKW94208	.
QLC27598	.
QLL27757	.
QMU24009	.
QMU26429	.
QMU95551	.
QNM80717	.
QIQ61201	.
APG75633	.
APG75636	.
APG75642	.
APG75655	.
APG75657	.
APG75663	.
APG75668	.
APG75672	.
APG75674	.
APG75676	.
APG75683	.
APG75685	.
APG75690	.
APG75692	.
APG75699	.
APG75701	.
APG75704	.
APG75711	.
APG75715	.
APG75716	.
APG75724	.
APG75731	.
APG75737	.
APG75743	.
APG75745	.
APG75747	.
APG75756	.
APG75777	.
APG75782	.
APG75784	.
APG75791	.
APG75800	.
APG75813	.
APG75819	.
APG75822	.
APG75830	.
APG75832	.
APG75856	.
APG75867	.
APG75869	.
APG75873	.
APG75878	.
APG75888	.
APG75908	.
APG75910	.
APG75916	.
APG75921	.
APG75925	.
APG75927	.
APG75957	.
APG75959	.
APG75960	.
APG75962	.
APG75965	.
APG75972	.
APG75978	.
APG75979	.
APG75980	.
APG75982	.
APG75984	.
APG75986	.
APG75989	.
APG75991	.
APG75993	.
APG75994	.
APG75995	.
APG75999	.
APG76004	.
APG76006	.
APG76008	.
APG76011	.
APG76019	.
APG76020	.
APG76021	.
APG76025	.
APG76027	.
APG76028	.
APG76033	.
APG76035	.
APG76037	.
APG76040	.
APG76044	.
APG76054	.
APG76056	.
APG76060	.
APG76069	.
APG76074	.
APG76076	.
APG76077	.
APG76078	.
APG76079	.
APG76080	.
APG76081	.
APG76090	.
APG76099	.
APG76101	.
APG76103	.
APG76104	.
APG76105	.
APG76106	.
APG76107	.
APG76109	.
APG76113	.
APG76116	.
APG76117	.
APG76118	.
APG76124	.
APG76128	.
APG76130	.
APG76134	.
APG76139	.
APG76143	.
APG76145	.
APG76161	.
APG76164	.
APG76165	.
APG76167	.
APG76172	.
APG76174	.
APG76175	.
APG76177	.
APG76183	.
APG76191	.
APG76197	.
APG76202	.
APG76205	.
APG76207	.
APG76208	.
APG76209	.
APG76220	.
APG76225	.
APG76228	.
APG76235	.
APG76264	.
APG76272	.
APG76278	.
APG76280	.
APG76286	.
APG76289	.
APG76291	.
APG76295	.
APG76298	.
APG76300	.
APG76301	.
APG76303	.
APG76305	.
APG76318	.
APG76319	.
APG76320	.
APG76325	.
APG76330	.
APG76338	.
APG76342	.
APG76348	.
APG76361	.
APG76367	.
APG76376	.
APG76378	.
APG76383	.
APG76385	.
APG76388	.
APG76391	.
APG76395	.
APG76402	.
APG76411	.
APG76413	.
APG76418	.
APG76426	.
APG76428	.
APG76430	.
APG76432	.
APG76436	.
APG76440	.
APG76442	.
APG76445	.
APG76452	.
APG76453	.
APG76454	.
APG76457	.
APG76468	.
APG76470	.
APG76471	.
APG76474	.
APG76477	.
APG76480	.
APG76492	.
APG76498	.
APG76501	.
APG76502	.
APG76507	.
APG76510	.
APG76515	.
APG76517	.
APG76520	.
APG76521	.
APG76526	.
APG76528	.
APG76533	.
APG76537	.
APG76549	.
APG76551	.
APG76553	.
APG76556	.
APG76565	.
APG76581	.
APG76585	.
APG76592	.
APG76593	.
APG76597	.
APG76599	.
APG76606	.
APG76612	.
APG76615	.
APG76620	.
APG76624	.
APG76627	.
APG76633	.
APG76635	.
APG76640	.
APG76649	.
APG76653	.
APG76657	.
APG76659	.
APG76660	.
APG76661	.
APG76662	.
APG76665	.
APG76670	.
APG76675	.
APG76677	.
APG76679	.
APG76685	.
APG76686	.
APG76690	.
APG76691	.
APG76696	.
APG76702	.
APG76706	.
APG76708	.
APG76709	.
APG76716	.
APG76718	.
APG76722	.
APG76726	.
APG76738	.
APG76739	.
APG76743	.
APG76746	.
APG76769	.
APG76773	.
APG76774	.
APG76775	.
APG76777	.
APG76778	.
APG76780	.
APG76782	.
APG76785	.
APG76803	.
APG76810	.
APG76811	.
APG76817	.
APG76827	.
APG76829	.
APG76849	.
APG76860	.
APG76863	.
APG76865	.
APG76873	.
APG76881	.
APG76883	.
APG76888	.
APG76894	.
APG76895	.
APG76897	.
APG76901	.
APG76903	.
APG76921	.
APG76925	.
APG76931	.
APG76936	.
APG76938	.
APG76941	.
APG76944	.
APG76954	.
APG76960	.
APG76967	.
APG76972	.
APG76982	.
APG76985	.
APG76986	.
APG76989	.
APG76990	.
APG76991	.
APG76993	.
APG76998	.
APG77000	.
APG77010	.
APG77011	.
APG77018	.
APG77025	.
APG77028	.
APG77031	.
APG77034	.
APG77037	.
APG77040	.
APG77043	.
APG77046	.
APG77049	.
APG77052	.
APG77055	.
APG77058	.
APG77064	.
APG77067	.
APG77068	.
APG77072	.
APG77076	.
APG77079	.
APG77081	.
APG77082	.
APG77085	.
APG77086	.
APG77089	.
APG77091	.
APG77096	.
APG77097	.
APG77099	.
APG77102	.
APG77106	.
APG77107	.
APG77108	.
APG77115	.
APG77119	.
APG77120	.
APG77123	.
APG77124	.
APG77133	.
APG77136	.
APG77137	.
APG77142	.
APG77143	.
APG77148	.
APG77152	.
APG77154	.
APG77156	.
APG77157	.
APG77158	.
APG77159	.
APG77162	.
APG77164	.
APG77165	.
APG77166	.
APG77171	.
APG77174	.
APG77175	.
APG77176	.
APG77179	.
APG77180	.
APG77181	.
APG77182	.
APG77183	.
APG77184	.
APG77192	.
APG77195	.
APG77196	.
APG77198	.
APG77201	.
APG77204	.
APG77205	.
APG77206	.
APG77208	.
APG77211	.
APG77212	.
APG77214	.
APG77217	.
APG77220	.
APG77228	.
APG77237	.
APG77242	.
APG77245	.
APG77248	.
APG77249	.
APG77257	.
APG77258	.
APG77259	.
APG77261	.
APG77262	.
APG77263	.
APG77267	.
APG77268	.
APG77271	.
APG77272	.
APG77273	.
APG77277	.
APG77280	.
APG77281	.
APG77282	.
APG77283	.
APG77288	.
APG77292	.
APG77299	.
APG77306	.
APG77328	.
APG77330	.
APG77333	.
APG77368	.
APG77369	.
APG77371	.
APG77372	.
APG77376	.
APG77377	.
APG77386	.
APG77387	.
APG77388	.
APG77393	.
APG77397	.
APG77399	.
APG77401	.
APG77408	.
APG77410	.
APG77413	.
APG77414	.
APG77415	.
APG77419	.
APG77423	.
APG77425	.
APG77431	.
APG77443	.
APG77451	.
APG77453	.
APG77455	.
APG77456	.
APG77457	.
APG77459	.
APG77462	.
APG77463	.
APG77464	.
APG77466	.
APG77468	.
APG77469	.
APG77473	.
APG77476	.
APG77477	.
APG77480	.
APG77485	.
APG77486	.
APG77488	.
APG77490	.
APG77498	.
APG77502	.
APG77504	.
APG77505	.
APG77509	.
APG77513	.
APG77518	.
APG77522	.
APG77545	.
APG77551	.
APG77560	.
APG77564	.
APG77565	.
APG77570	.
APG77571	.
APG77577	.
APG77587	.
APG77600	.
APG77607	.
APG77621	.
APG77626	.
APG77627	.
APG77632	.
APG77637	.
APG77656	.
APG77657	.
APG77660	.
APG77671	.
APG77679	.
APG77698	.
APG77704	.
APG77709	.
APG77710	.
APG77716	.
APG77733	.
APG77735	.
APG77743	.
APG77744	.
APG77747	.
APG77750	.
APG77754	.
APG77763	.
APG77770	.
APG77799	.
APG77808	.
APG77811	.
APG77813	.
APG77817	.
APG77823	.
APG77828	.
APG77832	.
APG77843	.
APG77858	.
APG77864	.
APG77865	.
APG77870	.
APG77890	.
APG77904	.
APG77905	.
APG77906	.
APG77911	.
APG77912	.
APG77918	.
APG77920	.
APG77921	.
APG77925	.
APG77927	.
APG77933	.
APG77947	.
APG77948	.
APG77955	.
APG77959	.
APG77961	.
APG77963	.
APG77965	.
APG77972	.
APG77976	.
APG77978	.
APG77979	.
APG77980	.
APG77992	.
APG77995	.
APG77997	.
APG77998	.
APG78004	.
APG78007	.
APG78013	.
APG78020	.
APG78033	.
APG78038	.
APG78050	.
APG78054	.
APG78057	.
APG78058	.
APG78071	Negarnaviricota
APG78075	Negarnaviricota
APG78079	Negarnaviricota
APG78095	.
APG78108	.
APG78116	.
APG78120	.
APG78124	.
APG78128	.
APG78132	.
APG78137	.
APG78143	.
APG78144	.
APG78145	.
APG78146	.
APG78148	.
APG78149	.
APG78153	.
APG78160	.
APG78162	.
APG78164	.
APG78167	.
APG78168	.
APG78169	.
APG78170	.
APG78176	.
APG78177	.
APG78182	.
APG78183	.
APG78188	.
APG78190	.
APG78196	.
APG78210	.
APG78217	.
APG78219	.
APG78220	.
APG78221	.
APG78222	.
APG78228	.
APG78229	.
APG78230	.
APG78232	.
APG78238	.
APG78239	.
APG78244	.
APG78248	.
APG78249	.
APG78254	.
APG78256	.
APG78257	.
APG78258	.
APG78260	.
APG78262	.
APG78269	.
APG78274	.
APG78278	.
APG78279	.
APG78280	.
APG78284	.
APG78293	.
APG78295	.
APG78297	.
APG78299	.
APG78302	.
APG78305	.
APG78308	.
APG78310	.
APG78314	.
APG78315	.
APG78316	.
APG78321	.
APG78331	.
APG78338	.
APG78341	.
APG78343	.
APG78345	.
APG78347	.
APG78349	.
APG78350	.
APG78352	.
APG78353	.
APG78355	.
APG78357	.
APG78364	.
APG78365	.
APG78366	.
APG78371	.
APG78378	.
APG78381	.
APG78384	.
APG78388	.
APG78391	.
APG78392	.
APG78394	.
APG78396	.
APG78404	.
APG78407	.
APG78408	.
APG78412	.
APG78423	.
APG78442	.
APG78447	.
APG78448	.
APG78449	.
APG78462	.
APG78463	.
APG78474	.
APG78476	.
APG78480	.
APG78481	.
APG78487	.
APG78489	.
APG78492	.
APG78495	.
APG78497	.
APG78498	.
APG78500	.
APG78502	.
APG78506	.
APG78508	.
APG78509	.
APG78518	.
APG78519	.
APG78521	.
APG78525	.
APG78526	.
APG78528	.
APG78529	.
APG78537	.
APG78539	.
APG78541	.
APG78547	.
APG78550	.
APG78552	.
APG78553	.
APG78557	.
APG78560	.
APG78561	.
APG78564	.
APG78569	.
APG78580	.
APG78587	.
APG78591	.
APG78593	.
APG78595	.
APG78597	.
APG78608	.
APG78612	.
APG78613	.
APG78617	.
APG78663	.
APG78676	Negarnaviricota
APG78715	.
APG78769	.
APG78795	.
APG78810	.
APG78823	Negarnaviricota
APG78870	.
APG78874	.
APG78875	.
APG78878	.
APG78882	.
APG78898	.
APG78913	.
APG78928	.
APG78935	.
APG78950	.
APG78951	.
APG78956	.
APG78957	.
APG78958	.
APG78974	.
APG78975	.
APG78986	.
APG78990	.
APG78996	.
APG78998	.
APG79001	.
APG79010	.
APG79013	.
APG79015	.
APG79018	.
APG79023	.
APG79029	.
APG79037	.
APG79048	.
APG79051	.
APG79055	.
APG79066	.
APG79084	.
APG79086	.
APG79108	.
APG79113	.
APG79114	.
APG79116	.
APG79117	.
APG79149	.
APG79155	.
APG79163	.
APG79167	.
APG79172	.
APG79176	.
APG79191	.
APG79192	.
APG79196	.
APG79200	.
APG79214	.
APG79215	.
APG79220	.
APG79224	.
APG79225	.
APG79230	.
APG79231	.
APG79235	.
APG79236	.
APG79237	.
APG79243	.
APG79245	.
APG79246	.
APG79250	.
APG79256	.
APG79267	.
APG79269	.
APG79273	.
APG79278	.
APG79283	.
APG79284	.
APG79293	.
APG79301	.
APG79310	.
APG79311	.
APG79313	.
APG79326	.
APG79327	.
APG79334	.
APG79335	.
APG79336	.
APG79337	.
APG79342	.
APG79349	.
APG79351	.
APG79353	.
APG79355	.
APG79360	.
APG79361	.
AWA82245	.
AWS06670	.
AXA52552	.
AZL88833	.
QED42938	.
QIJ25849	.
QIJ70109	.
QIN93585	.
ALM62232	.
ALM62236	.
AMO03229	.
AMO03254	.
AOG17585	.
ASH99193	.
AVD68673	.
AVM87121	.
AVM87125	.
AVM87129	.
AVM87132	.
AVM87136	.
AVM87475	.
AVM87480	.
AVM87598	.
AWK77912	.
AZT88627	.
QIP68012	.
QIP68020	.
APA05125	.
AZF86098	.
AZT88654	.
AZT88661	.
QDW92691	.
QDW92697	.
QED42906	.
AWT23243	.
YP_009094317	Negarnaviricota
AJG39083	.
AJG39134	.
AJG39136	.
AJG39240	.
AJG39241	.
AJG39247	.
AJG39252	.
AJG39257	.
AJG39264	.
AKJ77889	.
ALD89106	.
ALD89129	.
AQS16635	.
QAB47441	.
QBH98883	.
QDB75016	.
QDB75017	.
QDB75018	.
QJP04103	Negarnaviricota
AAF22958	.
AAZ78308	.
ACO82548	.
ACQ91602	.
AEP16502	.
AFR11835	.
AFR11837	.
AFR11839	.
AFR11853	.
AJM87494	.
AKH67409	.
AKH67627	.
ALL52879	.
ALL52880	.
ALL52882	.
ALL52883	.
ALL52885	.
ALL52886	.
ALL52887	.
ALL52888	.
ALL52889	.
ALL52890	.
ALL52910	.
ALL52916	.
AMM45289	.
AMO03220	.
AVD69111	.
AWA82269	.
AWA82275	.
AYO99569	.
QBQ65091	.
QDZ71189	.
ABQ50597	.
AFI24675	.
QGA70942	.
QGN03452	.
QMU95554	.
QNM37802	.
AQY59893	.
AQY59901	.
AQY59903	.
AQY59905	.
AQY59907	.
